Name,Position
Jonathan Taylor,RB
Derrick Henry,RB
Austin Ekeler,RB
Christian McCaffrey,RB
Cooper Kupp,WR
Dalvin Cook,RB
Joe Mixon,RB
Najee Harris,RB
Alvin Kamara,RB
Ja'Marr Chase,WR
Justin Jefferson,WR
Deebo Samuel,WR
Travis Kelce,TE
Mark Andrews,TE
Nick Chubb,RB
Aaron Jones,RB
Javonte Williams,RB
Leonard Fournette,RB
Saquon Barkley,RB
James Conner,RB
D'Andre Swift,RB
Davante Adams,WR
David Montgomery,RB
Josh Allen,QB
Stefon Diggs,WR
Ezekiel Elliott,RB
J.K. Dobbins,RB
CeeDee Lamb,WR
Mike Evans,WR
Tyreek Hill,WR
Cam Akers,RB
Breece Hall,RB
Elijah Mitchell,RB
Damien Harris,RB
Josh Jacobs,RB
Tee Higgins,WR
Patrick Mahomes II,QB
A.J. Brown,WR
Travis Etienne Jr.,RB
Miles Sanders,RB
Mike Williams,WR
Michael Pittman Jr.,WR
Kyle Pitts,TE
Justin Herbert,QB
Clyde Edwards,KC
Rashaad Penny,RB
DJ Moore,WR
Lamar Jackson,QB
Devin Singletary,RB
AJ Dillon,RB
Keenan Allen,WR
Gabriel Davis,WR
Brandin Cooks,WR
Darren Waller,TE
Kyler Murray,QB
Jalen Hurts,QB
Tony Pollard,RB
DK Metcalf,WR
Cordarrelle Patterson,RB
Antonio Gibson,RB
Diontae Johnson,WR
George Kittle,TE
Rhamondre Stevenson,RB
Terry McLaurin,WR
Courtland Sutton,WR
Dalton Schultz,TE
Tom Brady,QB
Jaylen Waddle,WR
Michael Thomas,WR
Dak Prescott,QB
Amon,DET
Jerry Jeudy,WR
Darnell Mooney,WR
Melvin Gordon III,RB
Chase Edmonds,RB
Tyler Lockett,WR
Chris Godwin,WR
Elijah Moore,WR
Dallas Goedert,TE
Joe Burrow,QB
Kareem Hunt,RB
Marquise Brown,WR
Adam Thielen,WR
Aaron Rodgers,QB
Dameon Pierce,RB
Amari Cooper,WR
JuJu Smith,KC
Matthew Stafford,QB
Trey Lance,QB
Brian Robinson Jr.,RB
Robert Woods,WR
Allen Robinson II,WR
Hunter Renfrow,WR
James Robinson,RB
Michael Carter,RB
Darrell Henderson Jr.,RB
Ken Walker III,RB
James Cook,RB
Rashod Bateman,WR
T.J. Hockenson,TE
Hunter Henry,TE
Russell Wilson,QB
Jamaal Williams,RB
Raheem Mostert,RB
DeVonta Smith,WR
Chase Claypool,WR
Brandon Aiyuk,WR
Allen Lazard,WR
Dawson Knox,TE
Kirk Cousins,QB
Derek Carr,QB
Kenneth Gainwell,RB
Alexander Mattison,RB
Mark Ingram II,RB
Christian Kirk,WR
Drake London,WR
Zach Ertz,TE
Marlon Mack,RB
Tyler Allgeier,RB
Nyheim Hines,RB
Isaiah Spiller,RB
Rachaad White,RB
Treylon Burks,WR
Tua Tagovailoa,QB
Gus Edwards,RB
Rex Burkhead,RB
J.D. McKissic,RB
Mecole Hardman,WR
DeAndre Hopkins,WR
Kenny Golladay,WR
Kadarius Toney,WR
Marquez Valdes,KC
Mike Gesicki,TE
Ryan Tannehill,QB
Zamir White,RB
Khalil Herbert,RB
Darrel Williams,RB
Jakobi Meyers,WR
DeVante Parker,WR
Russell Gage,WR
Noah Fant,TE
Tyler Higbee,TE
Cole Kmet,TE
David Njoku,TE
Pat Freiermuth,TE
Tampa Bay Buccaneers,DST
Buffalo Bills,DST
Pittsburgh Steelers,DST
Trevor Lawrence,QB
Justin Fields,QB
D'Onta Foreman,RB
Tyler Boyd,WR
Michael Gallup,WR
Jarvis Landry,WR
Chris Olave,WR
Robbie Anderson,WR
Irv Smith Jr.,TE
Gerald Everett,TE
Green Bay Packers,DST
Dallas Cowboys,DST
Los Angeles Rams,DST
New Orleans Saints,DST
Miami Dolphins,DST
San Francisco 49ers,DST
Los Angeles Chargers,DST
Indianapolis Colts,DST
Minnesota Vikings,DST
Justin Tucker,K
Harrison Butker,K
Daniel Carlson,K
Matt Gay,K
Ryan Succop,K
Tyler Bass,K
Greg Joseph,K
Mason Crosby,K
Matt Prater,K
Evan McPherson,K
Nick Folk,K
Brett Maher,K
Rodrigo Blankenship,K
Robbie Gould,K
Brandon McManus,K
New England Patriots,DST
Cleveland Browns,DST
Kansas City Chiefs,DST
Arizona Cardinals,DST
Denver Broncos,DST
Cincinnati Bengals,DST
Tennessee Titans,DST
Washington Commanders,DST
Chicago Bears,DST
Baltimore Ravens,DST
Carolina Panthers,DST
Philadelphia Eagles,DST
Garrett Wilson,WR
Marvin Jones Jr.,WR
Robert Tonyan,TE
Jerick McKinnon,RB
Daniel Jones,QB
Matt Ryan,QB
Mac Jones,QB
Jameis Winston,QB
Carson Wentz,QB
Dustin Hopkins,K
Chris Boswell,K
Randy Bullock,K
Wil Lutz,K
Jake Elliott,K
Younghoe Koo,K
Jason Sanders,K
New York Giants,DST
Houston Texans,DST
Jacksonville Jaguars,DST
Seattle Seahawks,DST
DJ Chark Jr.,WR
New York Jets,DST
Las Vegas Raiders,DST
Detroit Lions,DST
Corey Davis,WR
Jahan Dotson,WR
Van Jefferson,WR
Jalen Tolbert,WR
Atlanta Falcons,DST
Nico Collins,WR
George Pickens,WR
Albert Okwuegbunam,TE
Logan Thomas,TE
Evan Engram,TE
Austin Hooper,TE
Damien Williams,RB
Sony Michel,RB
Isiah Pacheco,RB
Boston Scott,RB
Kenyan Drake,RB
Dontrell Hilliard,RB
Jared Goff,QB
Baker Mayfield,QB
Zach Wilson,QB
Graham Gano,K
Cairo Santos,K
Austin Seibert,K
Skyy Moore,WR
K.J. Osborn,WR
Donovan Peoples,CLE
Curtis Samuel,WR
Julio Jones,WR
Rondale Moore,WR
Parris Campbell,WR
Joshua Palmer,WR
Hayden Hurst,TE
Matt Breida,RB
Ameer Abdullah,RB
Ronald Jones II,RB
Samaje Perine,RB
Davis Mills,QB
Randall Cobb,WR
Alec Pierce,WR
Nick Westbrook,TEN
Kendrick Bourne,WR
Sterling Shepard,WR
Mo Alie,IND
Brevin Jordan,TE
Hassan Haskins,RB
Tyrion Davis,SF
Chuba Hubbard,RB
Mike Davis,RB
KJ Hamler,WR
Christian Watson,WR
A.J. Green,WR
Bryan Edwards,WR
Jameson Williams,WR
Devin Duvernay,WR
Zay Jones,WR
Adam Trautman,TE
Kyle Rudolph,TE
Cameron Brate,TE
C.J. Uzomah,TE
Eno Benjamin,RB
Ke'Shawn Vaughn,RB
D'Ernest Johnson,RB
Jeff Wilson Jr.,RB
Kyle Juszczyk,RB
Phillip Lindsay,RB
Tyler Goodson,RB
Joshua Kelley,RB
Craig Reynolds,RB
Brandon Bolden,RB
Marcus Mariota,QB
Byron Pringle,WR
Cedrick Wilson Jr.,WR
Jamison Crowder,WR
Laviska Shenault Jr.,WR
Sammy Watkins,WR
James Washington,WR
Romeo Doubs,WR
Wan'Dale Robinson,WR
Justin Jackson,RB
Chris Evans,RB
Tevin Coleman,RB
Travis Homer,RB
Nelson Agholor,WR
David Bell,WR
Braxton Berrios,WR
Isaiah McKenzie,WR
Chris Conley,WR
Olamide Zaccheaus,WR
Terrace Marshall Jr.,WR
Mitch Trubisky,QB
Geno Smith,QB
Jacoby Brissett,QB
Deshaun Watson,QB
Kenny Pickett,QB
